epoch,time,train/box_loss,train/seg_loss,train/cls_loss,train/l1_loss,train/sem_loss,metrics/precision(B),metrics/recall(B),metrics/mAP50(B),metrics/mAP50-95(B),metrics/precision(M),metrics/recall(M),metrics/mAP50(M),metrics/mAP50-95(M),val/box_loss,val/seg_loss,val/cls_loss,val/l1_loss,val/sem_loss,lr/pg0,lr/pg1,lr/pg2
1,70.4716,1.06155,1.31418,1.32031,0.00842,0.21255,0.54072,0.49503,0.45327,0.30331,0.50265,0.51511,0.42629,0.25516,1.46618,1.90554,2.12044,0.0199,0,0.000127794,0.000127794,0.000127794
2,140.087,1.12285,1.51386,1.42438,0.00958,0.24292,0.62893,0.4226,0.50007,0.33277,0.65442,0.42086,0.48825,0.2674,1.42775,1.98312,2.29566,0.01828,0,0.000251056,0.000251056,0.000251056
3,214.289,1.15491,1.58445,1.58726,0.01003,0.25516,0.52044,0.49848,0.42037,0.27339,0.50534,0.47455,0.40038,0.19377,1.60572,2.15526,2.27055,0.02558,0,0.000369236,0.000369236,0.000369236
4,282.884,1.17631,1.58495,1.60644,0.01085,0.25387,0.51633,0.39142,0.39325,0.2613,0.45559,0.37122,0.35993,0.1961,1.6177,2.18787,2.38445,0.02275,0,0.000362131,0.000362131,0.000362131
5,351.642,1.22267,1.57304,1.62042,0.01075,0.26063,0.51913,0.45668,0.4266,0.26727,0.53195,0.4463,0.41879,0.21037,1.5741,2.43555,2.26077,0.02347,0,0.000354508,0.000354508,0.000354508
6,419.964,1.20186,1.51163,1.58872,0.01076,0.23667,0.5353,0.47956,0.44634,0.28073,0.54028,0.48989,0.42328,0.24124,1.59215,2.05952,2.22507,0.02118,0,0.000346885,0.000346885,0.000346885
7,489.212,1.19526,1.52791,1.45651,0.01083,0.24658,0.48717,0.48092,0.41664,0.26707,0.48184,0.42709,0.38033,0.21521,1.57182,2.14367,2.28674,0.0228,0,0.000339262,0.000339262,0.000339262
8,558.008,1.22491,1.49447,1.50249,0.01104,0.24894,0.61476,0.36286,0.45485,0.29026,0.6038,0.36644,0.43646,0.25551,1.62541,1.97398,2.35848,0.02407,0,0.000331639,0.000331639,0.000331639
9,626.273,1.21862,1.58443,1.55113,0.0107,0.24659,0.43289,0.40939,0.43087,0.2779,0.4435,0.42487,0.41387,0.24551,1.55064,2.26806,2.3258,0.02293,0,0.000324016,0.000324016,0.000324016
10,694.729,1.18524,1.50224,1.55613,0.01036,0.24418,0.50767,0.48795,0.40265,0.25947,0.44142,0.47182,0.36832,0.20638,1.6088,2.19804,2.29108,0.02321,0,0.000316393,0.000316393,0.000316393
11,762.963,1.22488,1.50256,1.48207,0.01125,0.23359,0.55173,0.39589,0.42904,0.28468,0.54715,0.39762,0.41982,0.23044,1.55808,2.08421,2.24621,0.02214,0,0.00030877,0.00030877,0.00030877
12,831.176,1.18207,1.47274,1.42054,0.01095,0.23396,0.65826,0.35743,0.45819,0.28262,0.6333,0.34375,0.43968,0.25316,1.50044,2.03455,2.36771,0.02037,0,0.000301147,0.000301147,0.000301147
13,900.222,1.18372,1.44257,1.40926,0.01064,0.22968,0.64319,0.38517,0.47085,0.28711,0.57173,0.38389,0.42564,0.23071,1.56244,2.30462,2.29214,0.02275,0,0.000293524,0.000293524,0.000293524
14,969.117,1.16869,1.42925,1.42123,0.01036,0.23001,0.43078,0.44836,0.43375,0.26923,0.42186,0.44187,0.41569,0.23141,1.58689,2.03672,2.41276,0.02142,0,0.000285901,0.000285901,0.000285901
15,1037.52,1.13412,1.46737,1.3854,0.00975,0.22974,0.58979,0.44746,0.41297,0.25669,0.55993,0.40666,0.39061,0.22348,1.57806,1.98354,2.24511,0.02207,0,0.000278278,0.000278278,0.000278278
16,1105.17,1.1516,1.41256,1.35729,0.00992,0.20946,0.43903,0.4513,0.40961,0.25242,0.40586,0.42981,0.39081,0.21944,1.57915,2.11382,2.37758,0.02172,0,0.000270655,0.000270655,0.000270655
17,1173.7,1.13226,1.37659,1.334,0.00987,0.23182,0.49861,0.40401,0.39746,0.24518,0.47812,0.37534,0.38109,0.21587,1.58728,2.00145,2.27581,0.02146,0,0.000263032,0.000263032,0.000263032
18,1242.22,1.12707,1.36761,1.30708,0.00995,0.21103,0.47019,0.44011,0.40305,0.26479,0.48899,0.43713,0.40072,0.23715,1.56594,2.02296,2.26006,0.02236,0,0.000255409,0.000255409,0.000255409
19,1309.86,1.13363,1.33969,1.27277,0.00966,0.19668,0.51007,0.41371,0.4126,0.26257,0.50548,0.41777,0.40989,0.2335,1.57109,2.52359,2.29019,0.02321,0,0.000247786,0.000247786,0.000247786
20,1377.59,1.13092,1.35658,1.27798,0.00932,0.22033,0.55285,0.47791,0.50113,0.32977,0.53155,0.48699,0.49426,0.28541,1.57583,2.00667,2.29691,0.02217,0,0.000240163,0.000240163,0.000240163
21,1449.57,1.084,1.28929,1.21195,0.00986,0.20797,0.58951,0.44827,0.49778,0.33815,0.54373,0.44936,0.49361,0.3069,1.48219,2.05189,2.14481,0.02155,0,0.00023254,0.00023254,0.00023254
22,1517.74,1.09757,1.30384,1.20847,0.00955,0.19758,0.58194,0.41931,0.49401,0.31213,0.65267,0.38689,0.50531,0.27566,1.55209,2.0184,2.2277,0.02253,0,0.000224917,0.000224917,0.000224917
23,1584.56,1.06554,1.32697,1.12246,0.00902,0.19281,0.60767,0.4262,0.48333,0.31953,0.70698,0.35758,0.47489,0.2642,1.50014,2.18406,2.1695,0.02033,0,0.000217294,0.000217294,0.000217294
24,1651.44,1.07052,1.31633,1.16852,0.00889,0.20604,0.59175,0.42838,0.46288,0.30569,0.58724,0.42642,0.47109,0.2781,1.52474,1.98005,2.28434,0.02164,0,0.000209671,0.000209671,0.000209671
25,1718.57,1.03262,1.25822,1.12695,0.00881,0.19087,0.54845,0.46907,0.47752,0.29514,0.59816,0.40351,0.44588,0.25786,1.52584,2.1012,2.26708,0.02267,0,0.000202048,0.000202048,0.000202048
26,1786.35,1.03518,1.24293,1.07691,0.00873,0.18721,0.61778,0.45238,0.54619,0.36003,0.63302,0.44456,0.5357,0.31521,1.54532,1.86637,2.1596,0.02181,0,0.000194425,0.000194425,0.000194425
27,1859.31,1.03357,1.31135,1.0695,0.00919,0.18397,0.51823,0.52771,0.53671,0.34823,0.48494,0.50903,0.53293,0.31383,1.49519,1.96314,2.26124,0.02111,0,0.000186802,0.000186802,0.000186802
28,1927.33,1.0393,1.27721,1.075,0.00841,0.17792,0.54688,0.48234,0.52796,0.33265,0.54339,0.48159,0.52914,0.29751,1.50657,1.92458,2.2307,0.02025,0,0.000179179,0.000179179,0.000179179
29,1994.92,1.04288,1.32962,1.0682,0.00821,0.1736,0.56698,0.49844,0.53683,0.36364,0.61495,0.43362,0.53666,0.31653,1.48468,2.00419,2.25761,0.02016,0,0.000171556,0.000171556,0.000171556
30,2068.29,1.03133,1.26672,1.00629,0.00825,0.1619,0.59587,0.4511,0.51526,0.33159,0.6034,0.45572,0.50304,0.2914,1.55947,2.07052,2.1705,0.02314,0,0.000163933,0.000163933,0.000163933
31,2136.43,1.00616,1.24028,1.02641,0.00838,0.16697,0.63872,0.45972,0.52763,0.33739,0.61832,0.4428,0.50293,0.29088,1.54329,2.22447,2.26631,0.02239,0,0.00015631,0.00015631,0.00015631
32,2204.37,1.04314,1.2682,1.04392,0.00803,0.16758,0.63561,0.45852,0.47078,0.30801,0.66715,0.4328,0.46703,0.271,1.52669,2.26186,2.2317,0.0218,0,0.000148687,0.000148687,0.000148687
33,2272.4,0.98756,1.21802,0.99404,0.00791,0.16749,0.61126,0.45836,0.48916,0.32839,0.58555,0.4309,0.48515,0.29574,1.48762,2.45884,2.29389,0.0209,0,0.000141064,0.000141064,0.000141064
34,2340.69,0.96731,1.20987,0.95086,0.00769,0.16485,0.7178,0.41843,0.49891,0.34184,0.74354,0.43336,0.50194,0.29338,1.5645,2.20615,2.17664,0.02302,0,0.000133441,0.000133441,0.000133441
35,2408.51,0.99679,1.21821,0.97592,0.00772,0.15638,0.61451,0.48258,0.53004,0.36748,0.685,0.43748,0.53078,0.32729,1.51227,2.30969,2.17876,0.02057,0,0.000125818,0.000125818,0.000125818
36,2479.84,0.95772,1.20206,0.92593,0.00752,0.15732,0.60702,0.43663,0.48655,0.32743,0.72071,0.40157,0.49167,0.28857,1.49708,2.283,2.16909,0.02088,0,0.000118195,0.000118195,0.000118195
37,2546.96,0.96532,1.17147,0.90499,0.00788,0.16024,0.67537,0.39406,0.51308,0.33434,0.62016,0.40781,0.47425,0.26992,1.53586,2.21549,2.20111,0.02171,0,0.000110572,0.000110572,0.000110572
38,2614.25,0.95748,1.17563,0.91207,0.00735,0.14701,0.65593,0.4416,0.50788,0.34303,0.66279,0.43826,0.47782,0.27856,1.50905,2.23034,2.20479,0.02181,0,0.000102949,0.000102949,0.000102949
39,2681.36,0.93594,1.18776,0.87619,0.00761,0.14677,0.66214,0.45659,0.52213,0.35513,0.65809,0.44744,0.51101,0.3018,1.4986,2.09993,2.19497,0.02165,0,9.5326e-05,9.5326e-05,9.5326e-05
40,2753.98,0.9678,1.15729,0.89008,0.00741,0.14545,0.64127,0.47645,0.53875,0.36889,0.68757,0.43758,0.52321,0.31408,1.51719,2.44686,2.18707,0.02152,0,8.7703e-05,8.7703e-05,8.7703e-05
41,2820.89,0.93034,1.02338,0.76155,0.00946,0.07658,0.60469,0.46782,0.49253,0.34418,0.64521,0.44528,0.48669,0.2929,1.49009,2.45292,2.29411,0.02074,0,8.008e-05,8.008e-05,8.008e-05
42,2890.97,0.94277,1.02927,0.73299,0.01004,0.07535,0.64929,0.48754,0.49524,0.3417,0.63805,0.47754,0.49204,0.28558,1.5447,2.24175,2.27307,0.02207,0,7.2457e-05,7.2457e-05,7.2457e-05
43,2958.12,0.92338,1.04462,0.74918,0.00989,0.07958,0.59096,0.5057,0.492,0.34583,0.60954,0.48999,0.49242,0.30254,1.57183,2.3277,2.25533,0.02226,0,6.4834e-05,6.4834e-05,6.4834e-05
44,3025.47,0.90742,1.01591,0.71807,0.00915,0.07763,0.65463,0.46138,0.53235,0.37608,0.65628,0.45908,0.54082,0.33757,1.47657,2.23217,2.25704,0.02025,0,5.7211e-05,5.7211e-05,5.7211e-05
45,3092.55,0.92254,1.0613,0.70051,0.00922,0.06816,0.70349,0.42732,0.52577,0.36554,0.70125,0.43189,0.53238,0.32121,1.50889,2.21938,2.26833,0.02117,0,4.9588e-05,4.9588e-05,4.9588e-05
46,3158.34,0.91697,0.99567,0.71227,0.00911,0.06913,0.70084,0.44342,0.52316,0.3693,0.71751,0.44661,0.5372,0.33794,1.45285,2.18066,2.30529,0.01981,0,4.1965e-05,4.1965e-05,4.1965e-05
47,3224.09,0.92572,1.03946,0.7071,0.00894,0.06728,0.64747,0.45638,0.5172,0.36225,0.65701,0.4605,0.52382,0.32641,1.49877,2.27984,2.32341,0.02076,0,3.4342e-05,3.4342e-05,3.4342e-05
48,3289.54,0.88444,0.99267,0.68626,0.00883,0.07305,0.60523,0.48727,0.52188,0.36165,0.60922,0.48963,0.52298,0.31532,1.49124,2.23595,2.28059,0.02066,0,2.6719e-05,2.6719e-05,2.6719e-05
49,3354.95,0.93227,1.07709,0.69091,0.00932,0.07068,0.7009,0.45453,0.53547,0.37343,0.69008,0.46652,0.53709,0.3239,1.46112,2.25391,2.28028,0.02015,0,1.9096e-05,1.9096e-05,1.9096e-05
50,3420.57,0.88096,1.00787,0.64866,0.00835,0.06538,0.68926,0.44775,0.50017,0.3503,0.69517,0.45186,0.50072,0.30414,1.47448,2.24394,2.26943,0.02042,0,1.1473e-05,1.1473e-05,1.1473e-05
